Name,Tier
Academic Ascent,D
Aerid Konstrari,C+
Afterthought Sentry,B+
Ajani Resolute,B+
Ajani Unrelenting,B+
Ajani's Anguish,D
Apex Witchstalker,C-
Arcane Amphisbaena,B+
Archive Arbiter,B-
Arni, Humble Scribe,B+
Arni, Renowned Champion,A+
Artifist Acumen,D+
Austere Command,A
Avatar of Burgeoning Echoes,F
Awaken the Inferno,D+
Bestial Incursion,B
Blazing Crescendo,B-
Blessed Ghoul,B+
Bloodline Recollector,D
Bloombrute,C+
Blossom-Blessed Angel,A+
Break Under Pressure,B-
Budding Insurgent,C+
Campus Crier,B
Carnivorous Cultivator,D+
Cast Away Doubt,A-
Chandra's Emberling,B
Chandra, Chill of Compliance,C+
Chandra, Torch of Defiance,D
Charge the Sanctum,A
Clash of Elements,C+
Codie, Ravenous Codex,A+
Command the Stage,C+
Compel Brutality,C+
Consider,C
Consign to Memory,A+
Countersculpt,D
Craftwork Crusher,B-
Craterclaw Colossus,C+
Cruel Calculations,A-
Cryotheory Adept,A-
Curse-Marred Demon,A-
Danitha, Spear of Agony,B-
Danitha, Sword of Hope,D+
Dark Matter Manipulator,C
Darklight Phoenix,C+
Denzilore Fatehold,D
Desperate Futurescribe,C-
Diviner of Victory,A
Divining Duelist,B-
Draconic Visitor,B+
Eardrum Rattler,C
Edgar, Ancient Bloodlord,A+
Edgar, Moonlit Sovereign,C
Emergency Phytomedic,B+
Emrakul, the Exigent Doom,D+
Enlightened Confidant,B+
Entrust the Spark,C
Essence Burn,A-
Extended Absence,D
Extrapolate the Impossible,C-
Eye of Jace,D
Face Yourself,B-
Fatehold Charm,A-
Fatehold Chronologist,A-
Fateshaper Aspirant,A+
Fblthp, Impossibly Lost,D
Fblthp, Knows the Way,C
Ferocity of the Hunt,A+
Flesh Duplicate,D
Flickering Hound,C-
Flourishing Grapple,F
Frostbite Pyromental,C
Fulminous Forte,F
Gallia, Tragic Host,B
Gallia, the Merrymaker,A+
Gardenize,A
Garruk, Curse Breaker,B
Garruk, Veiled Butcher,B+
Geist of Saint Thalia,B-
Generous Revival,B+
Germinate Recruits,A
Ghalta the Immovable,B+
Ghalta the Unstoppable,F
Gideon the Oathless,D+
Gideon's Memorial,A-
Graft Surgeon,F
Greenhouse Propagator,B+
Grim Repriser,A
Guiding Hydra,B
Hallway Heckler,B-
Hapatra, the Desert Fang,B-
Hapatra, the Desert Frost,A+
Heartstring Puller,A-
Heartwood Crafter,B-
Hexhaven Battalion,B+
Hexhaven Invigorator,B+
Hungering Puppetbeast,C+
Hunter's Axe,B+
Icy Reception,D
Identity Echo,B
Infinite Coursework,B
Ingris Stingerquill,C-
Inspired Tethermage,B-
Jace's Machinations,B-
Jace, Reality Sculptor,C+
Jiang Yanggu, Alone,C
Jiang Yanggu, Never Alone,B
Karn, Argent Defender,B+
Karn, Gilded Guardian,D
Keeper of the Quiet Hour,A
Kindred Judgment,F
Kiora of Fire and Ashes,A-
Kiora of Salt and Sand,D+
Konstrari Charm,D+
Konstrari Improviser,A
Koth of the Homestead,D
Koth, the Geomancer,B
Kwia Vigorbloom,A
Last Gasp,A
Lich's Relic,B+
Liliana the Faultless,B+
Liliana the Repentant,A-
Living Library,A+
Loot, the Anomaly,B
Loot, the Nexus,B-
Loyal Tutor,D
Lyra, Archangel of Dawn,B-
Lyra, Tolarian Archangel,F
Mabel, Bitter Recluse,A
Mabel, Valley Hero,B
Marwyn, the Clearcutter,D
Marwyn, the Preserver,A
Massacre Girl, Most Wanted,D
Master of Barbs,F
Medic's Kitesail,B-
Memory Trap,F
Mind Meanderer,F
Mind Twist,C+
Mindseeker Oculus,B-
Multiply by Zero,A
Murmuring Volume,D
Necrodominance,D
No Admittance,B-
Null Summoner,B
Omnipresence,A
Overwrite the Multiverse,D+
Paradox Shaper,F
Perfected Theory,C-
Pia, Aether Ascetic,B-
Pia, Determined Rebuilder,A-
Pompous Battlemage,C-
Precise Redaction,F
Predictive Preparations,A-
Primal Witchstalker,C-
Proctor of Potential,A+
Proft, Consulting Detective,C
Proft, Sinister Mastermind,B+
Prophesied End,B-
Protege's Awakening,B+
Prudent Fateseer,C+
Puppet Crafting,F
Pyre Rhymer,B+
Rampart Hunter,B+
Rank Rat,C+
Recursive Recruitment,C
Refute Destiny,C+
Repurposed Enforcer,C-
Rescue Girl, First Responder,C-
Restore with Empathy,D+
Return to the Light Realms,A+
Rewrite Regrets,B+
Rise of the Deathbringer,B+
Root Maze,C
Ruric Thar, Biomagus,F
Ruric Thar, Magecrusher,B-
Saheeli, Consul of Oversight,B-
Saheeli, Jewel of Avishkar,C-
Samut, Hazoret's Champion,B
Samut, Tyrant of Naktamun,C-
Sanctum Lurker,C-
Screeching Soulbreaker,B+
Seasoned Cryomancer,B
Semester Foreseer,C-
Shatterwing Pegasus,F
Silence the Echo,B+
Simulacrum Shaper,B+
Skilled Battlecarver,F
Solarium Sentry,B+
Solitary Cell,B+
Solve for Disappointment,B+
Something Worth Saving,D
Sphinx of False Conclusions,B+
Sphinx's Approach,C
Splinter Twin,D
Stingcaster Mage,B
Stingerquill Charm,A+
Stingerquill Voxmancer,D
Stinging Vitriol,A
Sublime Epiphany,C+
Sureshot Sower,A-
Surgical Precision,A+
Surveillance Phantasm,B
Tam's Resistance,F
Tam, the Possibility,D+
Tarmogoyf,F
Tenured Tethermage,D+
Terminal Criticism,D
Tether Technician,B-
Tethermage's Advantage,C+
Tetsuko Umezawa, Fugitive,D+
Tetsuko Umezawa, Pursuer,D+
Teyo, Diamondblade Mage,B
Teyo, Lightshield Expert,A
Thalia, the Survivor,B+
The Echoverse Fulcrum,A
The Theorist, Jace Beleren,D
Theoretical Necromancer,A+
Theorist's Proxy,A
Theorix Charm,D+
Theorix Metamage,B
Tinybones, Pocket Nuisance,A-
Titanbones, Towering Heart,A-
Tomik, Izzet Sparkmage,C+
Tomik, Orzhov Lawmage,D
Traxos, Academy Guardian,B-
Traxos, Scourge Eternal,A-
Twinned Vision,C-
Twisted Fates,C
Uldaros Theorix,A-
Undulating Witness,A
Unflinching Hortimancer,B-
Unsummon,A-
Variable Chaser,A+
Verdant Kraken,A+
Vigorbloom Charm,C-
Vigorbloom Vanguard,C+
Vindictive Triumph,A-
Vinelasher Adept,C+
Violent Echoes,A+
Void Extrapolator,A
Vraska's Final Mercy,C-
Vraska, Soul of Stone,D
Vraska, the Cutting Glare,C+
Warrior's Blades,F
Way of the Cryomancer,C+
Way of the Deathbringer,B+
Way of the Healer,D
Way of the Mentor,D+
Way of the Mind Sculptor,D+
Way of the Necromancer,D
Way of the Paradox,F
Way of the Pyromancer,B-
Way of the Warlord,B+
Way of the Wildspeaker,A
Whiplash Wordsmith,F
Winter, Team Player,B
Winter, Tormented Loner,F
Woodwork Prodigy,B
Wrath of the Bloodmane,F
Wrecking Gecko,A+
Yargle, Glutton of Urborg,D
Yargle, Goliath of Otaria,D+
Yoshimaru, Beloved Companion,A
Yoshimaru, Scrappy Stray,B-
Your Fate Ends Here,D
Yuriko, Blade of the Mighty,B
Yuriko, Hope from the Shadows,A
